<?xml version="1.0" encoding="UTF-8"?>
<!DOCTYPE mapper PUBLIC "-//mybatis.org//DTD Mapper 3.0//EN" "http://mybatis.org/dtd/mybatis-3-mapper.dtd">
<mapper namespace="com.toec.market.repair.mapper.AdminMapper">
  <resultMap id="BaseResultMap" type="com.toec.market.repair.entity.Admin">
    <!--
      WARNING - @mbggenerated
      This element is automatically generated by MyBatis Generator, do not modify.
      This element was generated on Mon May 27 00:02:29 CST 2019.
    -->
    <id column="id" jdbcType="INTEGER" property="id" />
    <result column="create_date" jdbcType="TIMESTAMP" property="createDate" />
    <result column="modify_date" jdbcType="TIMESTAMP" property="modifyDate" />
    <result column="department" jdbcType="VARCHAR" property="department" />
    <result column="email" jdbcType="VARCHAR" property="email" />
    <result column="is_account_enabled" jdbcType="BIT" property="isAccountEnabled" />
    <result column="is_account_expired" jdbcType="BIT" property="isAccountExpired" />
    <result column="is_account_locked" jdbcType="BIT" property="isAccountLocked" />
    <result column="is_credentials_expired" jdbcType="BIT" property="isCredentialsExpired" />
    <result column="locked_date" jdbcType="TIMESTAMP" property="lockedDate" />
    <result column="login_date" jdbcType="TIMESTAMP" property="loginDate" />
    <result column="login_failure_count" jdbcType="INTEGER" property="loginFailureCount" />
    <result column="login_ip" jdbcType="VARCHAR" property="loginIp" />
    <result column="name" jdbcType="VARCHAR" property="name" />
    <result column="password" jdbcType="VARCHAR" property="password" />
    <result column="username" jdbcType="VARCHAR" property="username" />
  </resultMap>
  <sql id="Example_Where_Clause">
    <!--
      WARNING - @mbggenerated
      This element is automatically generated by MyBatis Generator, do not modify.
      This element was generated on Mon May 27 00:02:29 CST 2019.
    -->
    <where>
      <foreach collection="oredCriteria" item="criteria" separator="or">
        <if test="criteria.valid">
          <trim prefix="(" prefixOverrides="and" suffix=")">
            <foreach collection="criteria.criteria" item="criterion">
              <choose>
                <when test="criterion.noValue">
                  and ${criterion.condition}
                </when>
                <when test="criterion.singleValue">
                  and ${criterion.condition} #{criterion.value}
                </when>
                <when test="criterion.betweenValue">
                  and ${criterion.condition} #{criterion.value} and #{criterion.secondValue}
                </when>
                <when test="criterion.listValue">
                  and ${criterion.condition}
                  <foreach close=")" collection="criterion.value" item="listItem" open="(" separator=",">
                    #{listItem}
                  </foreach>
                </when>
              </choose>
            </foreach>
          </trim>
        </if>
      </foreach>
    </where>
  </sql>
  <sql id="Update_By_Example_Where_Clause">
    <!--
      WARNING - @mbggenerated
      This element is automatically generated by MyBatis Generator, do not modify.
      This element was generated on Mon May 27 00:02:29 CST 2019.
    -->
    <where>
      <foreach collection="example.oredCriteria" item="criteria" separator="or">
        <if test="criteria.valid">
          <trim prefix="(" prefixOverrides="and" suffix=")">
            <foreach collection="criteria.criteria" item="criterion">
              <choose>
                <when test="criterion.noValue">
                  and ${criterion.condition}
                </when>
                <when test="criterion.singleValue">
                  and ${criterion.condition} #{criterion.value}
                </when>
                <when test="criterion.betweenValue">
                  and ${criterion.condition} #{criterion.value} and #{criterion.secondValue}
                </when>
                <when test="criterion.listValue">
                  and ${criterion.condition}
                  <foreach close=")" collection="criterion.value" item="listItem" open="(" separator=",">
                    #{listItem}
                  </foreach>
                </when>
              </choose>
            </foreach>
          </trim>
        </if>
      </foreach>
    </where>
  </sql>
  <sql id="Base_Column_List">
    <!--
      WARNING - @mbggenerated
      This element is automatically generated by MyBatis Generator, do not modify.
      This element was generated on Mon May 27 00:02:29 CST 2019.
    -->
    id, create_date, modify_date, department, email, is_account_enabled, is_account_expired, 
    is_account_locked, is_credentials_expired, locked_date, login_date, login_failure_count, 
    login_ip, name, password, username
  </sql>
  <select id="selectByExample" parameterType="com.toec.market.repair.entity.AdminExample" resultMap="BaseResultMap">
    <!--
      WARNING - @mbggenerated
      This element is automatically generated by MyBatis Generator, do not modify.
      This element was generated on Mon May 27 00:02:29 CST 2019.
    -->
    select
    <if test="distinct">
      distinct
    </if>
    <include refid="Base_Column_List" />
    from admin
    <if test="_parameter != null">
      <include refid="Example_Where_Clause" />
    </if>
    <if test="orderByClause != null">
      order by ${orderByClause}
    </if>
  </select>
  <select id="selectByPrimaryKey" parameterType="java.lang.Integer" resultMap="BaseResultMap">
    <!--
      WARNING - @mbggenerated
      This element is automatically generated by MyBatis Generator, do not modify.
      This element was generated on Mon May 27 00:02:29 CST 2019.
    -->
    select 
    <include refid="Base_Column_List" />
    from admin
    where id = #{id,jdbcType=INTEGER}
  </select>
  <delete id="deleteByPrimaryKey" parameterType="java.lang.Integer">
    <!--
      WARNING - @mbggenerated
      This element is automatically generated by MyBatis Generator, do not modify.
      This element was generated on Mon May 27 00:02:29 CST 2019.
    -->
    delete from admin
    where id = #{id,jdbcType=INTEGER}
  </delete>
  <delete id="deleteByExample" parameterType="com.toec.market.repair.entity.AdminExample">
    <!--
      WARNING - @mbggenerated
      This element is automatically generated by MyBatis Generator, do not modify.
      This element was generated on Mon May 27 00:02:29 CST 2019.
    -->
    delete from admin
    <if test="_parameter != null">
      <include refid="Example_Where_Clause" />
    </if>
  </delete>
  <insert id="insert" parameterType="com.toec.market.repair.entity.Admin">
    <!--
      WARNING - @mbggenerated
      This element is automatically generated by MyBatis Generator, do not modify.
      This element was generated on Mon May 27 00:02:29 CST 2019.
    -->
    insert into admin (id, create_date, modify_date, 
      department, email, is_account_enabled, 
      is_account_expired, is_account_locked, is_credentials_expired, 
      locked_date, login_date, login_failure_count, 
      login_ip, name, password, 
      username)
    values (#{id,jdbcType=INTEGER}, #{createDate,jdbcType=TIMESTAMP}, #{modifyDate,jdbcType=TIMESTAMP}, 
      #{department,jdbcType=VARCHAR}, #{email,jdbcType=VARCHAR}, #{isAccountEnabled,jdbcType=BIT}, 
      #{isAccountExpired,jdbcType=BIT}, #{isAccountLocked,jdbcType=BIT}, #{isCredentialsExpired,jdbcType=BIT}, 
      #{lockedDate,jdbcType=TIMESTAMP}, #{loginDate,jdbcType=TIMESTAMP}, #{loginFailureCount,jdbcType=INTEGER}, 
      #{loginIp,jdbcType=VARCHAR}, #{name,jdbcType=VARCHAR}, #{password,jdbcType=VARCHAR}, 
      #{username,jdbcType=VARCHAR})
  </insert>
  <insert id="insertSelective" parameterType="com.toec.market.repair.entity.Admin">
    <!--
      WARNING - @mbggenerated
      This element is automatically generated by MyBatis Generator, do not modify.
      This element was generated on Mon May 27 00:02:29 CST 2019.
    -->
    insert into admin
    <trim prefix="(" suffix=")" suffixOverrides=",">
      <if test="id != null">
        id,
      </if>
      <if test="createDate != null">
        create_date,
      </if>
      <if test="modifyDate != null">
        modify_date,
      </if>
      <if test="department != null">
        department,
      </if>
      <if test="email != null">
        email,
      </if>
      <if test="isAccountEnabled != null">
        is_account_enabled,
      </if>
      <if test="isAccountExpired != null">
        is_account_expired,
      </if>
      <if test="isAccountLocked != null">
        is_account_locked,
      </if>
      <if test="isCredentialsExpired != null">
        is_credentials_expired,
      </if>
      <if test="lockedDate != null">
        locked_date,
      </if>
      <if test="loginDate != null">
        login_date,
      </if>
      <if test="loginFailureCount != null">
        login_failure_count,
      </if>
      <if test="loginIp != null">
        login_ip,
      </if>
      <if test="name != null">
        name,
      </if>
      <if test="password != null">
        password,
      </if>
      <if test="username != null">
        username,
      </if>
    </trim>
    <trim prefix="values (" suffix=")" suffixOverrides=",">
      <if test="id != null">
        #{id,jdbcType=INTEGER},
      </if>
      <if test="createDate != null">
        #{createDate,jdbcType=TIMESTAMP},
      </if>
      <if test="modifyDate != null">
        #{modifyDate,jdbcType=TIMESTAMP},
      </if>
      <if test="department != null">
        #{department,jdbcType=VARCHAR},
      </if>
      <if test="email != null">
        #{email,jdbcType=VARCHAR},
      </if>
      <if test="isAccountEnabled != null">
        #{isAccountEnabled,jdbcType=BIT},
      </if>
      <if test="isAccountExpired != null">
        #{isAccountExpired,jdbcType=BIT},
      </if>
      <if test="isAccountLocked != null">
        #{isAccountLocked,jdbcType=BIT},
      </if>
      <if test="isCredentialsExpired != null">
        #{isCredentialsExpired,jdbcType=BIT},
      </if>
      <if test="lockedDate != null">
        #{lockedDate,jdbcType=TIMESTAMP},
      </if>
      <if test="loginDate != null">
        #{loginDate,jdbcType=TIMESTAMP},
      </if>
      <if test="loginFailureCount != null">
        #{loginFailureCount,jdbcType=INTEGER},
      </if>
      <if test="loginIp != null">
        #{loginIp,jdbcType=VARCHAR},
      </if>
      <if test="name != null">
        #{name,jdbcType=VARCHAR},
      </if>
      <if test="password != null">
        #{password,jdbcType=VARCHAR},
      </if>
      <if test="username != null">
        #{username,jdbcType=VARCHAR},
      </if>
    </trim>
  </insert>
  <select id="countByExample" parameterType="com.toec.market.repair.entity.AdminExample" resultType="java.lang.Integer">
    <!--
      WARNING - @mbggenerated
      This element is automatically generated by MyBatis Generator, do not modify.
      This element was generated on Mon May 27 00:02:29 CST 2019.
    -->
    select count(*) from admin
    <if test="_parameter != null">
      <include refid="Example_Where_Clause" />
    </if>
  </select>
  <update id="updateByExampleSelective" parameterType="map">
    <!--
      WARNING - @mbggenerated
      This element is automatically generated by MyBatis Generator, do not modify.
      This element was generated on Mon May 27 00:02:29 CST 2019.
    -->
    update admin
    <set>
      <if test="record.id != null">
        id = #{record.id,jdbcType=INTEGER},
      </if>
      <if test="record.createDate != null">
        create_date = #{record.createDate,jdbcType=TIMESTAMP},
      </if>
      <if test="record.modifyDate != null">
        modify_date = #{record.modifyDate,jdbcType=TIMESTAMP},
      </if>
      <if test="record.department != null">
        department = #{record.department,jdbcType=VARCHAR},
      </if>
      <if test="record.email != null">
        email = #{record.email,jdbcType=VARCHAR},
      </if>
      <if test="record.isAccountEnabled != null">
        is_account_enabled = #{record.isAccountEnabled,jdbcType=BIT},
      </if>
      <if test="record.isAccountExpired != null">
        is_account_expired = #{record.isAccountExpired,jdbcType=BIT},
      </if>
      <if test="record.isAccountLocked != null">
        is_account_locked = #{record.isAccountLocked,jdbcType=BIT},
      </if>
      <if test="record.isCredentialsExpired != null">
        is_credentials_expired = #{record.isCredentialsExpired,jdbcType=BIT},
      </if>
      <if test="record.lockedDate != null">
        locked_date = #{record.lockedDate,jdbcType=TIMESTAMP},
      </if>
      <if test="record.loginDate != null">
        login_date = #{record.loginDate,jdbcType=TIMESTAMP},
      </if>
      <if test="record.loginFailureCount != null">
        login_failure_count = #{record.loginFailureCount,jdbcType=INTEGER},
      </if>
      <if test="record.loginIp != null">
        login_ip = #{record.loginIp,jdbcType=VARCHAR},
      </if>
      <if test="record.name != null">
        name = #{record.name,jdbcType=VARCHAR},
      </if>
      <if test="record.password != null">
        password = #{record.password,jdbcType=VARCHAR},
      </if>
      <if test="record.username != null">
        username = #{record.username,jdbcType=VARCHAR},
      </if>
    </set>
    <if test="_parameter != null">
      <include refid="Update_By_Example_Where_Clause" />
    </if>
  </update>
  <update id="updateByExample" parameterType="map">
    <!--
      WARNING - @mbggenerated
      This element is automatically generated by MyBatis Generator, do not modify.
      This element was generated on Mon May 27 00:02:29 CST 2019.
    -->
    update admin
    set id = #{record.id,jdbcType=INTEGER},
      create_date = #{record.createDate,jdbcType=TIMESTAMP},
      modify_date = #{record.modifyDate,jdbcType=TIMESTAMP},
      department = #{record.department,jdbcType=VARCHAR},
      email = #{record.email,jdbcType=VARCHAR},
      is_account_enabled = #{record.isAccountEnabled,jdbcType=BIT},
      is_account_expired = #{record.isAccountExpired,jdbcType=BIT},
      is_account_locked = #{record.isAccountLocked,jdbcType=BIT},
      is_credentials_expired = #{record.isCredentialsExpired,jdbcType=BIT},
      locked_date = #{record.lockedDate,jdbcType=TIMESTAMP},
      login_date = #{record.loginDate,jdbcType=TIMESTAMP},
      login_failure_count = #{record.loginFailureCount,jdbcType=INTEGER},
      login_ip = #{record.loginIp,jdbcType=VARCHAR},
      name = #{record.name,jdbcType=VARCHAR},
      password = #{record.password,jdbcType=VARCHAR},
      username = #{record.username,jdbcType=VARCHAR}
    <if test="_parameter != null">
      <include refid="Update_By_Example_Where_Clause" />
    </if>
  </update>
  <update id="updateByPrimaryKeySelective" parameterType="com.toec.market.repair.entity.Admin">
    <!--
      WARNING - @mbggenerated
      This element is automatically generated by MyBatis Generator, do not modify.
      This element was generated on Mon May 27 00:02:29 CST 2019.
    -->
    update admin
    <set>
      <if test="createDate != null">
        create_date = #{createDate,jdbcType=TIMESTAMP},
      </if>
      <if test="modifyDate != null">
        modify_date = #{modifyDate,jdbcType=TIMESTAMP},
      </if>
      <if test="department != null">
        department = #{department,jdbcType=VARCHAR},
      </if>
      <if test="email != null">
        email = #{email,jdbcType=VARCHAR},
      </if>
      <if test="isAccountEnabled != null">
        is_account_enabled = #{isAccountEnabled,jdbcType=BIT},
      </if>
      <if test="isAccountExpired != null">
        is_account_expired = #{isAccountExpired,jdbcType=BIT},
      </if>
      <if test="isAccountLocked != null">
        is_account_locked = #{isAccountLocked,jdbcType=BIT},
      </if>
      <if test="isCredentialsExpired != null">
        is_credentials_expired = #{isCredentialsExpired,jdbcType=BIT},
      </if>
      <if test="lockedDate != null">
        locked_date = #{lockedDate,jdbcType=TIMESTAMP},
      </if>
      <if test="loginDate != null">
        login_date = #{loginDate,jdbcType=TIMESTAMP},
      </if>
      <if test="loginFailureCount != null">
        login_failure_count = #{loginFailureCount,jdbcType=INTEGER},
      </if>
      <if test="loginIp != null">
        login_ip = #{loginIp,jdbcType=VARCHAR},
      </if>
      <if test="name != null">
        name = #{name,jdbcType=VARCHAR},
      </if>
      <if test="password != null">
        password = #{password,jdbcType=VARCHAR},
      </if>
      <if test="username != null">
        username = #{username,jdbcType=VARCHAR},
      </if>
    </set>
    where id = #{id,jdbcType=INTEGER}
  </update>
  <update id="updateByPrimaryKey" parameterType="com.toec.market.repair.entity.Admin">
    <!--
      WARNING - @mbggenerated
      This element is automatically generated by MyBatis Generator, do not modify.
      This element was generated on Mon May 27 00:02:29 CST 2019.
    -->
    update admin
    set create_date = #{createDate,jdbcType=TIMESTAMP},
      modify_date = #{modifyDate,jdbcType=TIMESTAMP},
      department = #{department,jdbcType=VARCHAR},
      email = #{email,jdbcType=VARCHAR},
      is_account_enabled = #{isAccountEnabled,jdbcType=BIT},
      is_account_expired = #{isAccountExpired,jdbcType=BIT},
      is_account_locked = #{isAccountLocked,jdbcType=BIT},
      is_credentials_expired = #{isCredentialsExpired,jdbcType=BIT},
      locked_date = #{lockedDate,jdbcType=TIMESTAMP},
      login_date = #{loginDate,jdbcType=TIMESTAMP},
      login_failure_count = #{loginFailureCount,jdbcType=INTEGER},
      login_ip = #{loginIp,jdbcType=VARCHAR},
      name = #{name,jdbcType=VARCHAR},
      password = #{password,jdbcType=VARCHAR},
      username = #{username,jdbcType=VARCHAR}
    where id = #{id,jdbcType=INTEGER}
  </update>
</mapper>