<?xml version="1.0" encoding="UTF-8"?>
<!DOCTYPE mapper PUBLIC "-//mybatis.org//DTD Mapper 3.0//EN" "http://mybatis.org/dtd/mybatis-3-mapper.dtd">
<mapper namespace="com.toec.market.repair.mapper.CategoryMapper">
  <resultMap id="BaseResultMap" type="com.toec.market.repair.entity.Category">
    <!--
      WARNING - @mbggenerated
      This element is automatically generated by MyBatis Generator, do not modify.
      This element was generated on Thu May 30 14:38:29 CST 2019.
    -->
    <id column="id" jdbcType="INTEGER" property="id" />
    <result column="create_date" jdbcType="TIMESTAMP" property="createDate" />
    <result column="modify_date" jdbcType="TIMESTAMP" property="modifyDate" />
    <result column="name" jdbcType="VARCHAR" property="name" />
    <result column="title" jdbcType="VARCHAR" property="title" />
    <result column="description" jdbcType="VARCHAR" property="description" />
    <result column="order_list" jdbcType="INTEGER" property="orderList" />
    <result column="icon_path" jdbcType="VARCHAR" property="iconPath" />
  </resultMap>
  <resultMap extends="BaseResultMap" id="ResultMapWithBLOBs" type="com.toec.market.repair.entity.Category">
    <!--
      WARNING - @mbggenerated
      This element is automatically generated by MyBatis Generator, do not modify.
      This element was generated on Thu May 30 14:38:29 CST 2019.
    -->
    <result column="material_path" jdbcType="LONGVARCHAR" property="materialPath" />
  </resultMap>
  <sql id="Example_Where_Clause">
    <!--
      WARNING - @mbggenerated
      This element is automatically generated by MyBatis Generator, do not modify.
      This element was generated on Thu May 30 14:38:29 CST 2019.
    -->
    <where>
      <foreach collection="oredCriteria" item="criteria" separator="or">
        <if test="criteria.valid">
          <trim prefix="(" prefixOverrides="and" suffix=")">
            <foreach collection="criteria.criteria" item="criterion">
              <choose>
                <when test="criterion.noValue">
                  and ${criterion.condition}
                </when>
                <when test="criterion.singleValue">
                  and ${criterion.condition} #{criterion.value}
                </when>
                <when test="criterion.betweenValue">
                  and ${criterion.condition} #{criterion.value} and #{criterion.secondValue}
                </when>
                <when test="criterion.listValue">
                  and ${criterion.condition}
                  <foreach close=")" collection="criterion.value" item="listItem" open="(" separator=",">
                    #{listItem}
                  </foreach>
                </when>
              </choose>
            </foreach>
          </trim>
        </if>
      </foreach>
    </where>
  </sql>
  <sql id="Update_By_Example_Where_Clause">
    <!--
      WARNING - @mbggenerated
      This element is automatically generated by MyBatis Generator, do not modify.
      This element was generated on Thu May 30 14:38:29 CST 2019.
    -->
    <where>
      <foreach collection="example.oredCriteria" item="criteria" separator="or">
        <if test="criteria.valid">
          <trim prefix="(" prefixOverrides="and" suffix=")">
            <foreach collection="criteria.criteria" item="criterion">
              <choose>
                <when test="criterion.noValue">
                  and ${criterion.condition}
                </when>
                <when test="criterion.singleValue">
                  and ${criterion.condition} #{criterion.value}
                </when>
                <when test="criterion.betweenValue">
                  and ${criterion.condition} #{criterion.value} and #{criterion.secondValue}
                </when>
                <when test="criterion.listValue">
                  and ${criterion.condition}
                  <foreach close=")" collection="criterion.value" item="listItem" open="(" separator=",">
                    #{listItem}
                  </foreach>
                </when>
              </choose>
            </foreach>
          </trim>
        </if>
      </foreach>
    </where>
  </sql>
  <sql id="Base_Column_List">
    <!--
      WARNING - @mbggenerated
      This element is automatically generated by MyBatis Generator, do not modify.
      This element was generated on Thu May 30 14:38:29 CST 2019.
    -->
    id, create_date, modify_date, name, title, description, order_list, icon_path
  </sql>
  <sql id="Blob_Column_List">
    <!--
      WARNING - @mbggenerated
      This element is automatically generated by MyBatis Generator, do not modify.
      This element was generated on Thu May 30 14:38:29 CST 2019.
    -->
    material_path
  </sql>
  <select id="selectByExampleWithBLOBs" parameterType="com.toec.market.repair.entity.CategoryExample" resultMap="ResultMapWithBLOBs">
    <!--
      WARNING - @mbggenerated
      This element is automatically generated by MyBatis Generator, do not modify.
      This element was generated on Thu May 30 14:38:29 CST 2019.
    -->
    select
    <if test="distinct">
      distinct
    </if>
    <include refid="Base_Column_List" />
    ,
    <include refid="Blob_Column_List" />
    from category
    <if test="_parameter != null">
      <include refid="Example_Where_Clause" />
    </if>
    <if test="orderByClause != null">
      order by ${orderByClause}
    </if>
  </select>
  <select id="selectByExample" parameterType="com.toec.market.repair.entity.CategoryExample" resultMap="BaseResultMap">
    <!--
      WARNING - @mbggenerated
      This element is automatically generated by MyBatis Generator, do not modify.
      This element was generated on Thu May 30 14:38:29 CST 2019.
    -->
    select
    <if test="distinct">
      distinct
    </if>
    <include refid="Base_Column_List" />
    from category
    <if test="_parameter != null">
      <include refid="Example_Where_Clause" />
    </if>
    <if test="orderByClause != null">
      order by ${orderByClause}
    </if>
  </select>
  <select id="selectByPrimaryKey" parameterType="java.lang.Integer" resultMap="ResultMapWithBLOBs">
    <!--
      WARNING - @mbggenerated
      This element is automatically generated by MyBatis Generator, do not modify.
      This element was generated on Thu May 30 14:38:29 CST 2019.
    -->
    select 
    <include refid="Base_Column_List" />
    ,
    <include refid="Blob_Column_List" />
    from category
    where id = #{id,jdbcType=INTEGER}
  </select>
  <delete id="deleteByPrimaryKey" parameterType="java.lang.Integer">
    <!--
      WARNING - @mbggenerated
      This element is automatically generated by MyBatis Generator, do not modify.
      This element was generated on Thu May 30 14:38:29 CST 2019.
    -->
    delete from category
    where id = #{id,jdbcType=INTEGER}
  </delete>
  <delete id="deleteByExample" parameterType="com.toec.market.repair.entity.CategoryExample">
    <!--
      WARNING - @mbggenerated
      This element is automatically generated by MyBatis Generator, do not modify.
      This element was generated on Thu May 30 14:38:29 CST 2019.
    -->
    delete from category
    <if test="_parameter != null">
      <include refid="Example_Where_Clause" />
    </if>
  </delete>
  <insert id="insert" parameterType="com.toec.market.repair.entity.Category">
    <!--
      WARNING - @mbggenerated
      This element is automatically generated by MyBatis Generator, do not modify.
      This element was generated on Thu May 30 14:38:29 CST 2019.
    -->
    insert into category (id, create_date, modify_date, 
      name, title, description, 
      order_list, icon_path, material_path
      )
    values (#{id,jdbcType=INTEGER}, #{createDate,jdbcType=TIMESTAMP}, #{modifyDate,jdbcType=TIMESTAMP}, 
      #{name,jdbcType=VARCHAR}, #{title,jdbcType=VARCHAR}, #{description,jdbcType=VARCHAR}, 
      #{orderList,jdbcType=INTEGER}, #{iconPath,jdbcType=VARCHAR}, #{materialPath,jdbcType=LONGVARCHAR}
      )
  </insert>
  <insert id="insertSelective" parameterType="com.toec.market.repair.entity.Category">
    <!--
      WARNING - @mbggenerated
      This element is automatically generated by MyBatis Generator, do not modify.
      This element was generated on Thu May 30 14:38:29 CST 2019.
    -->
    insert into category
    <trim prefix="(" suffix=")" suffixOverrides=",">
      <if test="id != null">
        id,
      </if>
      <if test="createDate != null">
        create_date,
      </if>
      <if test="modifyDate != null">
        modify_date,
      </if>
      <if test="name != null">
        name,
      </if>
      <if test="title != null">
        title,
      </if>
      <if test="description != null">
        description,
      </if>
      <if test="orderList != null">
        order_list,
      </if>
      <if test="iconPath != null">
        icon_path,
      </if>
      <if test="materialPath != null">
        material_path,
      </if>
    </trim>
    <trim prefix="values (" suffix=")" suffixOverrides=",">
      <if test="id != null">
        #{id,jdbcType=INTEGER},
      </if>
      <if test="createDate != null">
        #{createDate,jdbcType=TIMESTAMP},
      </if>
      <if test="modifyDate != null">
        #{modifyDate,jdbcType=TIMESTAMP},
      </if>
      <if test="name != null">
        #{name,jdbcType=VARCHAR},
      </if>
      <if test="title != null">
        #{title,jdbcType=VARCHAR},
      </if>
      <if test="description != null">
        #{description,jdbcType=VARCHAR},
      </if>
      <if test="orderList != null">
        #{orderList,jdbcType=INTEGER},
      </if>
      <if test="iconPath != null">
        #{iconPath,jdbcType=VARCHAR},
      </if>
      <if test="materialPath != null">
        #{materialPath,jdbcType=LONGVARCHAR},
      </if>
    </trim>
  </insert>
  <select id="countByExample" parameterType="com.toec.market.repair.entity.CategoryExample" resultType="java.lang.Integer">
    <!--
      WARNING - @mbggenerated
      This element is automatically generated by MyBatis Generator, do not modify.
      This element was generated on Thu May 30 14:38:29 CST 2019.
    -->
    select count(*) from category
    <if test="_parameter != null">
      <include refid="Example_Where_Clause" />
    </if>
  </select>
  <update id="updateByExampleSelective" parameterType="map">
    <!--
      WARNING - @mbggenerated
      This element is automatically generated by MyBatis Generator, do not modify.
      This element was generated on Thu May 30 14:38:29 CST 2019.
    -->
    update category
    <set>
      <if test="record.id != null">
        id = #{record.id,jdbcType=INTEGER},
      </if>
      <if test="record.createDate != null">
        create_date = #{record.createDate,jdbcType=TIMESTAMP},
      </if>
      <if test="record.modifyDate != null">
        modify_date = #{record.modifyDate,jdbcType=TIMESTAMP},
      </if>
      <if test="record.name != null">
        name = #{record.name,jdbcType=VARCHAR},
      </if>
      <if test="record.title != null">
        title = #{record.title,jdbcType=VARCHAR},
      </if>
      <if test="record.description != null">
        description = #{record.description,jdbcType=VARCHAR},
      </if>
      <if test="record.orderList != null">
        order_list = #{record.orderList,jdbcType=INTEGER},
      </if>
      <if test="record.iconPath != null">
        icon_path = #{record.iconPath,jdbcType=VARCHAR},
      </if>
      <if test="record.materialPath != null">
        material_path = #{record.materialPath,jdbcType=LONGVARCHAR},
      </if>
    </set>
    <if test="_parameter != null">
      <include refid="Update_By_Example_Where_Clause" />
    </if>
  </update>
  <update id="updateByExampleWithBLOBs" parameterType="map">
    <!--
      WARNING - @mbggenerated
      This element is automatically generated by MyBatis Generator, do not modify.
      This element was generated on Thu May 30 14:38:29 CST 2019.
    -->
    update category
    set id = #{record.id,jdbcType=INTEGER},
      create_date = #{record.createDate,jdbcType=TIMESTAMP},
      modify_date = #{record.modifyDate,jdbcType=TIMESTAMP},
      name = #{record.name,jdbcType=VARCHAR},
      title = #{record.title,jdbcType=VARCHAR},
      description = #{record.description,jdbcType=VARCHAR},
      order_list = #{record.orderList,jdbcType=INTEGER},
      icon_path = #{record.iconPath,jdbcType=VARCHAR},
      material_path = #{record.materialPath,jdbcType=LONGVARCHAR}
    <if test="_parameter != null">
      <include refid="Update_By_Example_Where_Clause" />
    </if>
  </update>
  <update id="updateByExample" parameterType="map">
    <!--
      WARNING - @mbggenerated
      This element is automatically generated by MyBatis Generator, do not modify.
      This element was generated on Thu May 30 14:38:29 CST 2019.
    -->
    update category
    set id = #{record.id,jdbcType=INTEGER},
      create_date = #{record.createDate,jdbcType=TIMESTAMP},
      modify_date = #{record.modifyDate,jdbcType=TIMESTAMP},
      name = #{record.name,jdbcType=VARCHAR},
      title = #{record.title,jdbcType=VARCHAR},
      description = #{record.description,jdbcType=VARCHAR},
      order_list = #{record.orderList,jdbcType=INTEGER},
      icon_path = #{record.iconPath,jdbcType=VARCHAR}
    <if test="_parameter != null">
      <include refid="Update_By_Example_Where_Clause" />
    </if>
  </update>
  <update id="updateByPrimaryKeySelective" parameterType="com.toec.market.repair.entity.Category">
    <!--
      WARNING - @mbggenerated
      This element is automatically generated by MyBatis Generator, do not modify.
      This element was generated on Thu May 30 14:38:29 CST 2019.
    -->
    update category
    <set>
      <if test="createDate != null">
        create_date = #{createDate,jdbcType=TIMESTAMP},
      </if>
      <if test="modifyDate != null">
        modify_date = #{modifyDate,jdbcType=TIMESTAMP},
      </if>
      <if test="name != null">
        name = #{name,jdbcType=VARCHAR},
      </if>
      <if test="title != null">
        title = #{title,jdbcType=VARCHAR},
      </if>
      <if test="description != null">
        description = #{description,jdbcType=VARCHAR},
      </if>
      <if test="orderList != null">
        order_list = #{orderList,jdbcType=INTEGER},
      </if>
      <if test="iconPath != null">
        icon_path = #{iconPath,jdbcType=VARCHAR},
      </if>
      <if test="materialPath != null">
        material_path = #{materialPath,jdbcType=LONGVARCHAR},
      </if>
    </set>
    where id = #{id,jdbcType=INTEGER}
  </update>
  <update id="updateByPrimaryKeyWithBLOBs" parameterType="com.toec.market.repair.entity.Category">
    <!--
      WARNING - @mbggenerated
      This element is automatically generated by MyBatis Generator, do not modify.
      This element was generated on Thu May 30 14:38:29 CST 2019.
    -->
    update category
    set create_date = #{createDate,jdbcType=TIMESTAMP},
      modify_date = #{modifyDate,jdbcType=TIMESTAMP},
      name = #{name,jdbcType=VARCHAR},
      title = #{title,jdbcType=VARCHAR},
      description = #{description,jdbcType=VARCHAR},
      order_list = #{orderList,jdbcType=INTEGER},
      icon_path = #{iconPath,jdbcType=VARCHAR},
      material_path = #{materialPath,jdbcType=LONGVARCHAR}
    where id = #{id,jdbcType=INTEGER}
  </update>
  <update id="updateByPrimaryKey" parameterType="com.toec.market.repair.entity.Category">
    <!--
      WARNING - @mbggenerated
      This element is automatically generated by MyBatis Generator, do not modify.
      This element was generated on Thu May 30 14:38:29 CST 2019.
    -->
    update category
    set create_date = #{createDate,jdbcType=TIMESTAMP},
      modify_date = #{modifyDate,jdbcType=TIMESTAMP},
      name = #{name,jdbcType=VARCHAR},
      title = #{title,jdbcType=VARCHAR},
      description = #{description,jdbcType=VARCHAR},
      order_list = #{orderList,jdbcType=INTEGER},
      icon_path = #{iconPath,jdbcType=VARCHAR}
    where id = #{id,jdbcType=INTEGER}
  </update>
</mapper>