<?xml version="1.0" encoding="UTF-8" ?>
<!DOCTYPE configuration
 PUBLIC "-//mybatis.org//DTD Config 3.0//EN"
 "http://mybatis.org/dtd/mybatis-3-config.dtd">
<configuration>



	 <settings>
	 <!-- 
		<setting name="mapUnderscoreToCamelCase" value="true"/>
		 -->
		<setting name="jdbcTypeForNull" value="NULL"/>
		
		<!--显式的指定每个我们需要更改的配置的值，即使他是默认的。防止版本更新带来的问题  -->
		<setting name="cacheEnabled" value="true"/>
		<setting name="lazyLoadingEnabled" value="true"/>
		<setting name="aggressiveLazyLoading" value="false"/>
	</settings>
     <plugins>
	  	 <plugin interceptor="com.github.pagehelper.PageInterceptor"/>
     </plugins>
</configuration>